<?xml version="1.0" encoding="UTF-8"?><?xml-stylesheet type='text/xsl' href='_UpgradeReport_Files/UpgradeReport.xslt'?><UpgradeLog>
<Properties><Property Name="Solution" Value="CommTrace">
</Property><Property Name="Solution File" Value="C:\Documents and Settings\Linux\My Documents\Dropbox\FiringSystemDdevelopment\VBProjects\CommTrace\CommTrace\CommTrace.sln">
</Property><Property Name="Date" Value="Friday, February 17, 2012">
</Property><Property Name="Time" Value="20:54:26 PM">
</Property></Properties><Event ErrorLevel="0" Project="CommTrace" Source="CommTrace.vbproj" Description="Project file successfully backed up as C:\Documents and Settings\Linux\My Documents\Dropbox\FiringSystemDdevelopment\VBProjects\CommTrace\CommTrace\Backup\CommTrace.vbproj">
</Event><Event ErrorLevel="0" Project="CommTrace" Source="CommTrace.vbproj.user" Description="Project user file successfully backed up as C:\Documents and Settings\Linux\My Documents\Dropbox\FiringSystemDdevelopment\VBProjects\CommTrace\CommTrace\Backup\CommTrace.vbproj.user">
</Event><Event ErrorLevel="0" Project="CommTrace" Source="StopWatch.vb" Description="File successfully backed up as C:\Documents and Settings\Linux\My Documents\Dropbox\FiringSystemDdevelopment\VBProjects\CommTrace\CommTrace\Backup\StopWatch.vb">
</Event><Event ErrorLevel="0" Project="CommTrace" Source="CommClass.vb" Description="File successfully backed up as C:\Documents and Settings\Linux\My Documents\Dropbox\FiringSystemDdevelopment\VBProjects\CommTrace\CommTrace\Backup\CommClass.vb">
</Event><Event ErrorLevel="0" Project="CommTrace" Source="Message.vb" Description="File successfully backed up as C:\Documents and Settings\Linux\My Documents\Dropbox\FiringSystemDdevelopment\VBProjects\CommTrace\CommTrace\Backup\Message.vb">
</Event><Event ErrorLevel="0" Project="CommTrace" Source="MainForm.vb" Description="File successfully backed up as C:\Documents and Settings\Linux\My Documents\Dropbox\FiringSystemDdevelopment\VBProjects\CommTrace\CommTrace\Backup\MainForm.vb">
</Event><Event ErrorLevel="0" Project="CommTrace" Source="MainForm.Designer.vb" Description="File successfully backed up as C:\Documents and Settings\Linux\My Documents\Dropbox\FiringSystemDdevelopment\VBProjects\CommTrace\CommTrace\Backup\MainForm.Designer.vb">
</Event><Event ErrorLevel="0" Project="CommTrace" Source="Module1.vb" Description="File successfully backed up as C:\Documents and Settings\Linux\My Documents\Dropbox\FiringSystemDdevelopment\VBProjects\CommTrace\CommTrace\Backup\Module1.vb">
</Event><Event ErrorLevel="0" Project="CommTrace" Source="My Project\AssemblyInfo.vb" Description="File successfully backed up as C:\Documents and Settings\Linux\My Documents\Dropbox\FiringSystemDdevelopment\VBProjects\CommTrace\CommTrace\Backup\My Project\AssemblyInfo.vb">
</Event><Event ErrorLevel="0" Project="CommTrace" Source="My Project\Application.Designer.vb" Description="File successfully backed up as C:\Documents and Settings\Linux\My Documents\Dropbox\FiringSystemDdevelopment\VBProjects\CommTrace\CommTrace\Backup\My Project\Application.Designer.vb">
</Event><Event ErrorLevel="0" Project="CommTrace" Source="My Project\Resources.Designer.vb" Description="File successfully backed up as C:\Documents and Settings\Linux\My Documents\Dropbox\FiringSystemDdevelopment\VBProjects\CommTrace\CommTrace\Backup\My Project\Resources.Designer.vb">
</Event><Event ErrorLevel="0" Project="CommTrace" Source="My Project\Settings.Designer.vb" Description="File successfully backed up as C:\Documents and Settings\Linux\My Documents\Dropbox\FiringSystemDdevelopment\VBProjects\CommTrace\CommTrace\Backup\My Project\Settings.Designer.vb">
</Event><Event ErrorLevel="0" Project="CommTrace" Source="My Project\Application.myapp" Description="File successfully backed up as C:\Documents and Settings\Linux\My Documents\Dropbox\FiringSystemDdevelopment\VBProjects\CommTrace\CommTrace\Backup\My Project\Application.myapp">
</Event><Event ErrorLevel="0" Project="CommTrace" Source="My Project\Settings.settings" Description="File successfully backed up as C:\Documents and Settings\Linux\My Documents\Dropbox\FiringSystemDdevelopment\VBProjects\CommTrace\CommTrace\Backup\My Project\Settings.settings">
</Event><Event ErrorLevel="0" Project="CommTrace" Source="MainForm.resx" Description="File successfully backed up as C:\Documents and Settings\Linux\My Documents\Dropbox\FiringSystemDdevelopment\VBProjects\CommTrace\CommTrace\Backup\MainForm.resx">
</Event><Event ErrorLevel="0" Project="CommTrace" Source="My Project\Resources.resx" Description="File successfully backed up as C:\Documents and Settings\Linux\My Documents\Dropbox\FiringSystemDdevelopment\VBProjects\CommTrace\CommTrace\Backup\My Project\Resources.resx">
</Event><Event ErrorLevel="0" Project="CommTrace" Source="CommTrace.vbproj" Description="Project converted successfully">
</Event><Event ErrorLevel="3" Project="CommTrace" Source="CommTrace.vbproj" Description="Converted">
</Event><Event ErrorLevel="0" Project="CommTrace" Source="CommTrace.vbproj" Description="Scan complete: Upgrade not required for project files.">
</Event></UpgradeLog>