<?xml version="1.0" encoding="UTF-8"?><?xml-stylesheet type='text/xsl' href='_UpgradeReport_Files/UpgradeReport.xslt'?><UpgradeLog>
<Properties><Property Name="Solution" Value="CommTrace">
</Property><Property Name="Solution File" Value="C:\Users\Peter\Dropbox\FiringSystemDdevelopment\VBProjects\CommTrace\CommTrace\CommTrace.sln">
</Property><Property Name="User Options File" Value="C:\Users\Peter\Dropbox\FiringSystemDdevelopment\VBProjects\CommTrace\CommTrace\CommTrace.suo">
</Property><Property Name="Date" Value="Wednesday, July 27, 2016">
</Property><Property Name="Time" Value="15:21 PM">
</Property><Property Name="Log Number" Value="2">
</Property></Properties><Event ErrorLevel="0" Project="" Source="CommTrace.sln" Description="File successfully backed up as C:\Users\Peter\Dropbox\FiringSystemDdevelopment\VBProjects\CommTrace\CommTrace\Backup1\CommTrace.sln">
</Event><Event ErrorLevel="0" Project="" Source="CommTrace.suo" Description="File successfully backed up as C:\Users\Peter\Dropbox\FiringSystemDdevelopment\VBProjects\CommTrace\CommTrace\Backup1\CommTrace.suo">
</Event><Event ErrorLevel="0" Project="CommTrace" Source="CommTrace.vbproj" Description="Project file successfully backed up as C:\Users\Peter\Dropbox\FiringSystemDdevelopment\VBProjects\CommTrace\CommTrace\Backup1\CommTrace.vbproj">
</Event><Event ErrorLevel="0" Project="CommTrace" Source="CommTrace.vbproj.user" Description="Project user file successfully backed up as C:\Users\Peter\Dropbox\FiringSystemDdevelopment\VBProjects\CommTrace\CommTrace\Backup1\CommTrace.vbproj.user">
</Event><Event ErrorLevel="0" Project="CommTrace" Source="StopWatch.vb" Description="File successfully backed up as C:\Users\Peter\Dropbox\FiringSystemDdevelopment\VBProjects\CommTrace\CommTrace\Backup1\StopWatch.vb">
</Event><Event ErrorLevel="0" Project="CommTrace" Source="CommClass.vb" Description="File successfully backed up as C:\Users\Peter\Dropbox\FiringSystemDdevelopment\VBProjects\CommTrace\CommTrace\Backup1\CommClass.vb">
</Event><Event ErrorLevel="0" Project="CommTrace" Source="Message.vb" Description="File successfully backed up as C:\Users\Peter\Dropbox\FiringSystemDdevelopment\VBProjects\CommTrace\CommTrace\Backup1\Message.vb">
</Event><Event ErrorLevel="0" Project="CommTrace" Source="MainForm.vb" Description="File successfully backed up as C:\Users\Peter\Dropbox\FiringSystemDdevelopment\VBProjects\CommTrace\CommTrace\Backup1\MainForm.vb">
</Event><Event ErrorLevel="0" Project="CommTrace" Source="MainForm.Designer.vb" Description="File successfully backed up as C:\Users\Peter\Dropbox\FiringSystemDdevelopment\VBProjects\CommTrace\CommTrace\Backup1\MainForm.Designer.vb">
</Event><Event ErrorLevel="0" Project="CommTrace" Source="Module1.vb" Description="File successfully backed up as C:\Users\Peter\Dropbox\FiringSystemDdevelopment\VBProjects\CommTrace\CommTrace\Backup1\Module1.vb">
</Event><Event ErrorLevel="0" Project="CommTrace" Source="My Project\AssemblyInfo.vb" Description="File successfully backed up as C:\Users\Peter\Dropbox\FiringSystemDdevelopment\VBProjects\CommTrace\CommTrace\Backup1\My Project\AssemblyInfo.vb">
</Event><Event ErrorLevel="0" Project="CommTrace" Source="My Project\Application.Designer.vb" Description="File successfully backed up as C:\Users\Peter\Dropbox\FiringSystemDdevelopment\VBProjects\CommTrace\CommTrace\Backup1\My Project\Application.Designer.vb">
</Event><Event ErrorLevel="0" Project="CommTrace" Source="My Project\Resources.Designer.vb" Description="File successfully backed up as C:\Users\Peter\Dropbox\FiringSystemDdevelopment\VBProjects\CommTrace\CommTrace\Backup1\My Project\Resources.Designer.vb">
</Event><Event ErrorLevel="0" Project="CommTrace" Source="My Project\Settings.Designer.vb" Description="File successfully backed up as C:\Users\Peter\Dropbox\FiringSystemDdevelopment\VBProjects\CommTrace\CommTrace\Backup1\My Project\Settings.Designer.vb">
</Event><Event ErrorLevel="0" Project="CommTrace" Source="CommTrace_TemporaryKey.pfx" Description="File successfully backed up as C:\Users\Peter\Dropbox\FiringSystemDdevelopment\VBProjects\CommTrace\CommTrace\Backup1\CommTrace_TemporaryKey.pfx">
</Event><Event ErrorLevel="0" Project="CommTrace" Source="My Project\Application.myapp" Description="File successfully backed up as C:\Users\Peter\Dropbox\FiringSystemDdevelopment\VBProjects\CommTrace\CommTrace\Backup1\My Project\Application.myapp">
</Event><Event ErrorLevel="0" Project="CommTrace" Source="My Project\Settings.settings" Description="File successfully backed up as C:\Users\Peter\Dropbox\FiringSystemDdevelopment\VBProjects\CommTrace\CommTrace\Backup1\My Project\Settings.settings">
</Event><Event ErrorLevel="0" Project="CommTrace" Source="MainForm.resx" Description="File successfully backed up as C:\Users\Peter\Dropbox\FiringSystemDdevelopment\VBProjects\CommTrace\CommTrace\Backup1\MainForm.resx">
</Event><Event ErrorLevel="0" Project="CommTrace" Source="My Project\Resources.resx" Description="File successfully backed up as C:\Users\Peter\Dropbox\FiringSystemDdevelopment\VBProjects\CommTrace\CommTrace\Backup1\My Project\Resources.resx">
</Event><Event ErrorLevel="0" Project="CommTrace" Source="CommTrace.vbproj" Description="Project converted successfully">
</Event><Event ErrorLevel="3" Project="CommTrace" Source="CommTrace.vbproj" Description="Converted">
</Event><Event ErrorLevel="0" Project="" Source="CommTrace.sln" Description="Solution converted successfully">
</Event><Event ErrorLevel="3" Project="" Source="CommTrace.sln" Description="Converted">
</Event><Event ErrorLevel="0" Project="CommTrace" Source="CommTrace.vbproj" Description="Scan complete: Upgrade not required for project files.">
</Event></UpgradeLog>